# ************************************************************
# Sequel Pro SQL dump
# Version 4135
#
# http://www.sequelpro.com/
# http://code.google.com/p/sequel-pro/
#
# Host: sql5.freemysqlhosting.net (MySQL 5.5.40-0ubuntu0.14.04.1)
# Database: sql562209
# Generation Time: 2015-05-05 16:35:19 +0000
# ************************************************************


/*!40101 SET @OLD_CHARACTER_SET_CLIENT=@@CHARACTER_SET_CLIENT */;
/*!40101 SET @OLD_CHARACTER_SET_RESULTS=@@CHARACTER_SET_RESULTS */;
/*!40101 SET @OLD_COLLATION_CONNECTION=@@COLLATION_CONNECTION */;
/*!40101 SET NAMES utf8 */;
/*!40014 SET @OLD_FOREIGN_KEY_CHECKS=@@FOREIGN_KEY_CHECKS, FOREIGN_KEY_CHECKS=0 */;
/*!40101 SET @OLD_SQL_MODE=@@SQL_MODE, SQL_MODE='NO_AUTO_VALUE_ON_ZERO' */;
/*!40111 SET @OLD_SQL_NOTES=@@SQL_NOTES, SQL_NOTES=0 */;


# Dump of table articles
# ------------------------------------------------------------

DROP TABLE IF EXISTS `articles`;

CREATE TABLE `articles` (
  `article_id` varchar(100) NOT NULL DEFAULT '' COMMENT 'The pubmed ID, unique for each article',
  `publication_year` int(11) DEFAULT NULL,
  `publication_month` int(11) DEFAULT NULL,
  `title` varchar(1000) DEFAULT NULL,
  `journal_id` mediumint(20) DEFAULT NULL,
  `volume` varchar(500) DEFAULT NULL,
  `issue` varchar(500) DEFAULT NULL,
  `page_info` varchar(500) DEFAULT NULL,
  `times_cited` int(11) DEFAULT NULL,
  PRIMARY KEY (`article_id`),
  KEY `articles_journals_fk` (`journal_id`),
  CONSTRAINT `articles_journals_fk` FOREIGN KEY (`journal_id`) REFERENCES `journals` (`journal_id`) ON DELETE CASCADE ON UPDATE CASCADE
) ENGINE=InnoDB DEFAULT CHARSET=latin1;

LOCK TABLES `articles` WRITE;
/*!40000 ALTER TABLE `articles` DISABLE KEYS */;

INSERT INTO `articles` (`article_id`, `publication_year`, `publication_month`, `title`, `journal_id`, `volume`, `issue`, `page_info`, `times_cited`)
VALUES
	('10097126',1999,3,'HLA alleles determine human T-lymphotropic virus-I (HTLV-I) proviral load and the risk of HTLV-I-associated myelopathy.',170,'96','7','3848-3853',130),
	('10097397',1999,2,'Virulence evolution in a virus obeys a trade-off.',214,'266','1417','397-404',45),
	('10196269',1999,5,'Protection against establishment of retroviral persistence by vaccination with a live attenuated virus.',6,'73','5','3753-3757',14),
	('10233948',1999,6,'Definition of the stage of host cell genetic restriction of replication of human immunodeficiency virus type 1 in monocytes and monocyte-derived macrophages by using twins.',6,'73','6','4866-4881',22),
	('10364298',1999,7,'Sequence variations in human immunodeficiency virus type 1 Nef are associated with different stages of disease.',6,'73','7','5497-5508',53),
	('10365395',1999,4,'Genetic control and dynamics of the cellular immune response to the human T-cell leukaemia virus, HTLV-I.',91,'354','1384','691-700',10),
	('10377182',1999,6,'Influence of polymorphism in the genes for the interleukin (IL)-1 receptor antagonist and IL-1beta on tuberculosis.',29,'189','12','1863-1874',107),
	('10417127',1999,8,'Host-pathogen interactions: redefining the basic concepts of virulence and pathogenicity.',276,'67','8','3703-3713',126),
	('10448150',1999,8,'Host genetic influences on HIV-1 pathogenesis.',13,'11','4','466-474',29),
	('10469847',1999,NULL,'Genetics of HIV-1 infection: chemokine receptor CCR5 polymorphism and its consequences.',40,'8','10','1939-1945',93),
	('10477555',1999,9,'Mycobacterium tuberculosis expresses a novel pH-dependent divalent cation transporter belonging to the Nramp family.',29,'190','5','717-724',49),
	('10482543',1999,10,'Viral load and a locus on chromosome 11 affect the late clinical disease caused by Theiler\'s virus.',6,'73','10','7965-7971',9),
	('10511523',1999,NULL,'Influence of host genetics on the severity of coccidioidomycosis.',495,'5','5','672-680',22),
	('10559284',1999,12,'Persistent CCR5 utilization and enhanced macrophage tropism by primary blood human immunodeficiency virus type 1 isolates from advanced stages of disease and comparison to tissue-derived isolates.',6,'73','12','9741-9755',81),
	('10559340',1999,12,'Lymphocyte activation during acute simian/human immunodeficiency virus SHIV(89.6PD) infection in macaques.',6,'73','12','10236-10244',9),
	('10572315',1999,11,'HIV-infected long-term nonprogressors: epidemiology, mechanisms of delayed progression, and clinical and research implications.',394,'1','13','1113-1120',18),
	('10622555',1999,NULL,'Natural history of hepatitis C.',286,'31 Suppl 1',NULL,'17-24',102),
	('10640451',2000,2,'Association of HLA-DQ and -DR alleles with protection from or infection with HIV-1.',504,'68','1','21-28',8),
	('10678866',2000,2,'Tropical medicine.',44,'320','7233','490-494',5),
	('10757775',2000,3,'Symbiont survival and host-symbiont disequilibria under differential vertical transmission.',426,'154','3','1347-1365',3),
	('10770549',2000,3,'Allelic frequencies of host genetic variants influencing susceptibility to HIV-1 infection and disease in South African populations.',555,'14','4','449-451',21),
	('10786964',2000,NULL,'Genetic dissection of the molecular pathogenesis of severe infection.',264,'26 Suppl 1',NULL,'S89-97',14),
	('10817698',2000,6,'Activity of the novel immunomodulatory compound tucaresol against experimental visceral leishmaniasis.',260,'44','6','1494-1498',14),
	('10859024',2000,2,'HIV infections: the global epidemiology and goals for vaccine research.',359,'6','2','69-85',0),
	('10859364',2000,7,'Genetic susceptibility to tuberculosis in Africans: a genome-wide scan.',170,'97','14','8005-8009',97),
	('10906207',2000,8,'High levels of viral replication during primary simian immunodeficiency virus SIVagm infection are rapidly and strongly controlled in African green monkeys.',6,'74','16','7538-7547',63),
	('10940085',2000,6,'Prevalence of CCR2-64I, SDF1-3\'A and CCR5-Delta32 alleles in healthy Thais.',326,'27','3','153-157',5),
	('10982369',2000,10,'A dual infection/competition assay shows a correlation between ex vivo human immunodeficiency virus type 1 fitness and disease progression.',6,'74','19','9222-9233',126),
	('10998980',2000,6,'[Host genetic polymorphisms affect HIV-1 diseases].',334,'50','1','65-72',1),
	('11009521',2000,9,'Science, medicine, and the future: Leishmaniasis.',44,'321','7264','801-804',27),
	('11010837',2000,11,'HLA class I alleles associated with susceptibility or resistance to human immunodeficiency virus type 1 infection among a population in Chaco Province, Argentina.',521,'182','5','1523-1526',12),
	('11076719',2000,NULL,'Predominance of HIV-1 subtype A and D infections in Uganda.',495,'6','6','609-615',20),
	('11104801',2000,12,'Interferon gamma induction of pulmonary emphysema in the adult murine lung.',29,'192','11','1587-1600',121),
	('11160148',2001,2,'Mother-to-infant transmission of HIV-1: the placenta fights back.',405,'107','3','267-269',4),
	('11181650',2001,2,'Role for HLA class II molecules in HIV-1 suppression and cellular immunity following antiretroviral treatment.',405,'107','4','505-517',58),
	('11226306',2001,2,'Evaluation of the role of heterogeneous nuclear ribonucleoprotein A1 as a host factor in murine coronavirus discontinuous transcription and genome replication.',170,'98','5','2717-2722',15),
	('11283050',2001,4,'Helicobacter pylori infection in an urban African population.',254,'39','4','1323-1327',17),
	('11292637',2001,4,'Leishmaniasis: current status of vaccine development.',468,'14','2','229-243',153),
	('11320252',2001,4,'Global survey of genetic variation in CCR5, RANTES, and MIP-1alpha: impact on the epidemiology of the HIV-1 pandemic.',170,'98','9','5199-5204',118),
	('11349068',2001,6,'Genetic regulation of acquired immune responses to antigens of Mycobacterium tuberculosis: a study of twins in West Africa.',276,'69','6','3989-3994',29),
	('11356964',2001,6,'Retroviral constitutive transport element evolved from cellular TAP(NXF1)-binding sequences.',6,'75','12','5567-5575',12),
	('11357213',2001,NULL,'Safety of the intradermal Copenhagen 1331 BCG vaccine in neonates in Durban, South Africa.',175,'79','4','337-343',8),
	('11371688',2001,4,'Immunologic and virologic response to highly active antiretroviral therapy in the Multicenter AIDS Cohort Study.',555,'15','6','735-746',86),
	('11405946',2001,6,'The Leeuwenhoek Lecture 2001. Animal origins of human infectious disease.',91,'356','1410','957-977',21),
	('11500439',2001,9,'Association of interleukin-10 cytokine expression status with HLA non-DRB1*02 and Mycobacterium bovis BCG scar-negative status in south Indian pulmonary tuberculosis patients.',276,'69','9','5635-5642',2),
	('11514703',2001,9,'Factors affecting susceptibility and resistance to tuberculosis.',204,'56 Suppl 2',NULL,'ii23-9',5),
	('11517319',2001,8,'The coreceptor mutation CCR5Delta32 influences the dynamics of HIV epidemics and is selected for by HIV.',170,'98','18','10214-10219',18),
	('11526203',2001,9,'Induction of CD4(+) T cell-dependent CD8(+) type 1 responses in humans by a malaria DNA vaccine.',170,'98','19','10817-10822',76),
	('11559463',2001,10,'Polymorphisms in Tumor Necrosis Factor and Other Cytokines As Risks for Infectious Diseases and the Septic Syndrome.',81,'3','5','427-439',9),
	('11581388',2001,11,'Neutralizing antibodies associated with viremia control in a subset of individuals after treatment of acute human immunodeficiency virus type 1 infection.',6,'75','21','10200-10207',45),
	('11595300',2001,11,'Considering genetic profiles in functional studies of immune responsiveness to HIV-1.',72,'79','Fri Jan 02 2015 08:00:00 GMT-0000 (GMT)','131-140',25),
	('11673655',2001,NULL,'Candidate genes and single nucleotide polymorphisms (SNPs) in the study of human disease.',99,'17','2','89-98',30),
	('11679916',2001,11,'Host genetic background at CCR5 chemokine receptor and vitamin D receptor loci and human immunodeficiency virus (HIV) type 1 disease progression among HIV-seropositive injection drug users.',521,'184','10','1279-1288',19),
	('11682536',2001,11,'Combined PCR-heteroduplex mobility assay for detection and differentiation of influenza A viruses from different animal species.',254,'39','11','4097-4102',15),
	('11694103',2001,11,'Effects of CCR5-Delta32, CCR2-64I, and SDF-1 3\'A alleles on HIV-1 disease progression: An international meta-analysis of individual-patient data.',242,'135','9','782-795',127),
	('11696433',2001,11,'Pivotal role of interleukin-12 and interferon-gamma axis in controlling tissue parasitism and inflammation in the heart and central nervous system during Trypanosoma cruzi infection.',328,'159','5','1723-1733',62),
	('11711594',2001,12,'SJL/J mice are highly susceptible to infection by mouse adenovirus type 1.',6,'75','24','12039-12046',18),
	('11752157',2002,1,'Distribution of chemokine receptor CCR2 and CCR5 genotypes and their relative contribution to human immunodeficiency virus type 1 (HIV-1) seroconversion, early HIV-1 RNA concentration in plasma, and later disease progression.',6,'76','2','662-672',44),
	('11778647',2001,9,'Genetic determinants of pediatric HIV-1 infection: vertical transmission and disease progression among children.',359,'7','9','583-589',5),
	('11809644',2002,1,'The search for an HIV vaccine.',44,'324','7331','211-213',7),
	('11874868',2002,3,'Immunoglobulin G, A, and M responses in serum and circulating immune complexes elicited by the 16-kilodalton antigen of Mycobacterium tuberculosis.',78,'9','2','308-312',26),
	('11958683',2002,4,'CCR2 and CCR5 genotypes in HIV type 1-infected adolescents: limited contributions to variability in plasma HIV type 1 RNA concentration in the absence of antiretroviral therapy.',285,'18','6','403-412',10),
	('11963186',2002,2,'[Host genetic polymorphisms in the pathogenesis of HIV-1 infection].',135,'25','1','89-93',0),
	('11968779',2002,4,'[Host genetic polymorphisms in the pathogenesis of HIV-1 disease].',97,'60','4','724-731',0),
	('11973259',2002,5,'The sclera, the prion, and the ophthalmologist.',126,'86','5','587-592',15),
	('12016434',2002,3,'HIV-1 polymorphism: a challenge for vaccine development - a review.',134,'97','2','143-150',7),
	('12089106',2002,6,'Action is still needed to stem heterosexual transmission of HIV in Africa.',44,'324','7353','1586',1),
	('12093916',2002,7,'Evidence for a cytopathogenicity determinant in HIV-1 Vpr.',170,'99','14','9503-9508',46),
	('12133996',2002,8,'Lentiviral neuropathogenesis: comparative neuroinvasion, neurotropism, neurovirulence, and host neurosusceptibility.',6,'76','16','7923-7931',12),
	('12134033',2002,8,'Favorable and unfavorable HLA class I alleles and haplotypes in Zambians predominantly infected with clade C human immunodeficiency virus type 1.',6,'76','16','8276-8284',77),
	('12134267',2002,7,'Human immunodeficiency virus type 1 infection in twin pairs infected at birth.',521,'186','2','281-285',4),
	('12140749',2002,8,'Regional variation in CCR5-Delta32 gene distribution among women from the US HIV Epidemiology Research Study (HERS).',253,'3','5','295-298',7),
	('12142254',2002,8,'Commentary: meta-analysis of individual participants\' data in genetic epidemiology.',549,'156','3','204-210',41),
	('12152029',2002,8,'Host genetics and HIV--removing the mask.',258,'8','8','783-785',2),
	('12239291',2002,10,'Human immunodeficiency virus-specific CD8(+) T-cell responses do not predict viral growth and clearance rates during structured intermittent antiretroviral therapy.',6,'76','20','10169-10176',24),
	('12370434',2002,10,'Stimulation of HIV-specific cellular immunity by structured treatment interruption fails to enhance viral control in chronic HIV infection.',170,'99','21','13747-13752',108),
	('12374865',2002,10,'HIV-1 infection and AIDS dementia are influenced by a mutant MCP-1 allele linked to increased monocyte infiltration of tissues and MCP-1 levels.',170,'99','21','13795-13800',109),
	('12388689',2002,11,'Human papillomavirus type 31b infection of human keratinocytes and the onset of early transcription.',6,'76','22','11291-11300',31),
	('12390557',2002,10,'Evaluation and management of dyslipidemia in patients with HIV infection.',488,'17','10','797-810',18),
	('12438610',2002,12,'Mamu-A*01 allele-mediated attenuation of disease progression in simian-human immunodeficiency virus infection.',6,'76','24','12845-12854',59),
	('12441799',2002,11,'Host genetic profiles predict virological and immunological control of HIV-1 infection in adolescents.',555,'16','17','2275-2284',34),
	('12464796',2002,12,'Ethical reflections on pharmacogenetics and DNA banking in a cohort of HIV-infected patients.',382,'12','9','667-675',3),
	('12502804',2003,1,'Association between virus-specific T-cell responses and plasma viral load in human immunodeficiency virus type 1 subtype C infection.',6,'77','2','882-890',80),
	('12556692',2003,2,'Effects of CCR5-Delta32 and CCR2-64I alleles on HIV-1 disease progression: the protection varies with duration of infection.',555,'17','3','377-387',44),
	('12631672',2003,4,'Measurement and determinants of the natural history of liver fibrosis in hepatitis C virus infection: a cross sectional and longitudinal study.',333,'52','4','574-579',49),
	('12651877',2003,5,'Pharmacogenomics: marshalling the human genome to individualise drug therapy.',333,'52 Suppl 2',NULL,'ii10-8',8),
	('12751024',2003,6,'Heritability analysis of cytokines as intermediate phenotypes of tuberculosis.',521,'187','11','1679-1685',19),
	('12789401',2003,6,'The economic divide and tuberculosis. Tuberculosis is not just a medical problem, but also a problem of social inequality and poverty.',55,'4 Spec No',NULL,'S24-8',2),
	('12805455',2003,7,'Foci of endemic simian immunodeficiency virus infection in wild-living eastern chimpanzees (Pan troglodytes schweinfurthii).',6,'77','13','7545-7562',52),
	('12811024',2002,NULL,'Host genetic factors in the clinical course of HIV-1 infection: chemokines and chemokine receptors.',329,'5','2','88-101',1),
	('12815099',2003,7,'R5 HIV productively infects Langerhans cells, and infection levels are regulated by compound CCR5 polymorphisms.',170,'100','14','8401-8406',84),
	('12829831',2003,7,'Frequent recovery and broad genotype 2 diversity characterize hepatitis C virus infection in Ghana, West Africa.',6,'77','14','7914-7923',47),
	('12838163',2003,5,'Pharmacogenetics: a practical role in predicting antiretroviral drug toxicity?',155,'8','2','36-41',14),
	('12853745',2003,7,'Effects of CCR5-delta32 and CCR2-64I alleles on disease progression of perinatally HIV-1-infected children: an international meta-analysis.',555,'17','11','1631-1638',22),
	('12865283',2003,8,'Factor V Leiden polymorphism and the rate of fibrosis development in chronic hepatitis C virus infection.',333,'52','8','1206-1210',54),
	('12874334',2003,8,'Mycobacterium bovis BCG scar status and HLA class II alleles influence purified protein derivative-specific T-cell receptor V beta expression in pulmonary tuberculosis patients from southern India.',276,'71','8','4544-4553',0),
	('12875108',2003,NULL,'HIV sequence databases.',198,'5','1','52-61',50),
	('12876171',2003,8,'Invasive pneumococcal disease in Oxford, 1985-2001: a retrospective case series.',395,'88','8','712-714',9),
	('12876227',2003,8,'Neurovirological methods and their applications.',310,'74','8','1016-1022',1),
	('12915571',2003,9,'Epidemiology, genetic diversity, and evolution of endemic feline immunodeficiency virus in a population of wild cougars.',6,'77','17','9578-9589',26);

/*!40000 ALTER TABLE `articles` ENABLE KEYS */;
UNLOCK TABLES;


# Dump of table articles_authors
# ------------------------------------------------------------

DROP TABLE IF EXISTS `articles_authors`;

CREATE TABLE `articles_authors` (
  `article_id` varchar(100) NOT NULL DEFAULT '',
  `author_id` mediumint(9) NOT NULL DEFAULT '0',
  PRIMARY KEY (`article_id`,`author_id`),
  KEY `articles_authors_authors_fk` (`author_id`),
  CONSTRAINT `articles_authors_articles_fk` FOREIGN KEY (`article_id`) REFERENCES `articles` (`article_id`) ON DELETE CASCADE ON UPDATE CASCADE,
  CONSTRAINT `articles_authors_authors_fk` FOREIGN KEY (`author_id`) REFERENCES `authors` (`author_id`) ON DELETE CASCADE ON UPDATE CASCADE
) ENGINE=InnoDB DEFAULT CHARSET=latin1;

LOCK TABLES `articles_authors` WRITE;
/*!40000 ALTER TABLE `articles_authors` DISABLE KEYS */;

INSERT INTO `articles_authors` (`article_id`, `author_id`)
VALUES
	('11320252',11),
	('11371688',41),
	('12374865',77),
	('11181650',79),
	('11694103',82),
	('12556692',83),
	('12140749',112),
	('10559340',155),
	('10817698',193),
	('12134033',216),
	('11526203',236),
	('11283050',243),
	('11104801',260),
	('12374865',282),
	('12829831',287),
	('11694103',323),
	('10982369',338),
	('12805455',354),
	('11752157',357),
	('11958683',357),
	('12134033',357),
	('12441799',357),
	('11104801',365),
	('12438610',367),
	('11694103',368),
	('10906207',377),
	('10477555',392),
	('11679916',417),
	('12438610',491),
	('11581388',510),
	('12016434',521),
	('10559340',524),
	('11958683',555),
	('11752157',563),
	('12441799',570),
	('10364298',632),
	('11526203',648),
	('11526203',670),
	('11973259',690),
	('12865283',746),
	('12089106',764),
	('12631672',769),
	('12865283',769),
	('10559340',800),
	('12853745',822),
	('10511523',869),
	('11371688',909),
	('10906207',936),
	('12140749',955),
	('11694103',982),
	('11517319',1109),
	('10757775',1121),
	('10998980',1139),
	('12374865',1142),
	('10859364',1155),
	('11694103',1155),
	('10097126',1176),
	('10365395',1176),
	('11320252',1187),
	('12134267',1238),
	('10477555',1244),
	('11356964',1303),
	('12811024',1321),
	('12464796',1402),
	('11076719',1412),
	('10640451',1421),
	('12853745',1428),
	('11874868',1450),
	('11104801',1453),
	('10859024',1469),
	('10097126',1484),
	('10365395',1484),
	('11226306',1509),
	('10622555',1522),
	('11694103',1551),
	('11809644',1558),
	('10906207',1601),
	('11104801',1604),
	('10982369',1618),
	('10364298',1637),
	('12374865',1643),
	('11181650',1648),
	('10417127',1651),
	('12805455',1663),
	('12815099',1666),
	('12239291',1691),
	('12370434',1691),
	('12438610',1694),
	('11010837',1711),
	('12805455',1728),
	('12438610',1744),
	('10097397',1775),
	('12239291',1787),
	('12370434',1848),
	('11694103',1874),
	('11679916',1901),
	('10940085',1906),
	('12829831',1926),
	('10859364',1951),
	('12853745',1962),
	('11076719',2012),
	('10469847',2022),
	('10770549',2024),
	('11500439',2038),
	('12874334',2038),
	('12374865',2103),
	('10982369',2119),
	('12915571',2133),
	('10233948',2162),
	('11160148',2191),
	('12853745',2198),
	('12556692',2204),
	('10511523',2270),
	('12134033',2344),
	('11104801',2372),
	('10097126',2378),
	('11320252',2394),
	('12134267',2399),
	('10097126',2416),
	('10817698',2424),
	('12805455',2428),
	('11283050',2439),
	('10859024',2441),
	('10482543',2463),
	('11752157',2491),
	('12142254',2491),
	('12556692',2491),
	('12853745',2491),
	('12142254',2536),
	('12134267',2548),
	('10678866',2557),
	('10859364',2563),
	('10770549',2586),
	('12093916',2601),
	('12805455',2609),
	('10859364',2633),
	('12815099',2676),
	('12865283',2677),
	('11968779',2715),
	('11958683',2725),
	('12441799',2725),
	('11357213',2784),
	('10786964',2793),
	('11500439',2865),
	('12874334',2865),
	('12464796',2867),
	('11526203',2889),
	('11076719',2894),
	('11349068',2895),
	('12876171',2905),
	('12556692',2917),
	('11517319',2927),
	('12876171',2968),
	('12915571',2981),
	('12140749',2986),
	('10196269',3029),
	('11181650',3045),
	('12556692',3067),
	('12811024',3067),
	('11349068',3078),
	('11973259',3085),
	('11694103',3099),
	('12140749',3099),
	('12374865',3131),
	('11679916',3163),
	('11320252',3178),
	('12865283',3234),
	('10678866',3235),
	('11371688',3268),
	('12631672',3284),
	('10770549',3336),
	('10859024',3354),
	('10364298',3378),
	('11526203',3394),
	('12631672',3425),
	('11181650',3426),
	('11405946',3432),
	('10982369',3464),
	('12134033',3476),
	('10097126',3490),
	('12239291',3503),
	('12370434',3503),
	('11958683',3512),
	('12441799',3512),
	('11694103',3558),
	('12142254',3590),
	('12556692',3590),
	('12853745',3590),
	('11076719',3597),
	('12631672',3611),
	('10559284',3667),
	('11500439',3689),
	('12874334',3689),
	('11581388',3692),
	('10770549',3726),
	('11682536',3764),
	('10377182',3781),
	('12438610',3810),
	('10859364',3826),
	('12438610',3846),
	('12651877',3853),
	('10511523',3890),
	('12438610',3895),
	('11076719',3896),
	('12631672',3897),
	('12865283',3897),
	('12438610',3914),
	('12838163',3924),
	('12751024',3942),
	('11752157',3951),
	('11694103',4008),
	('11076719',4021),
	('12134033',4069),
	('12142254',4081),
	('12853745',4081),
	('11283050',4083),
	('10511523',4087),
	('11357213',4108),
	('12876171',4132),
	('11076719',4135),
	('11581388',4146),
	('11673655',4154),
	('10364298',4249),
	('11181650',4274),
	('12370434',4327),
	('10097126',4339),
	('10365395',4339),
	('12829831',4374),
	('11752157',4388),
	('12502804',4399),
	('11694103',4430),
	('10365395',4442),
	('12556692',4448),
	('11694103',4453),
	('11694103',4456),
	('11181650',4519),
	('11694103',4532),
	('11104801',4559),
	('12915571',4578),
	('12438610',4583),
	('11752157',4584),
	('11958683',4584),
	('12134033',4584),
	('12441799',4584),
	('12805455',4605),
	('10859364',4617),
	('12093916',4649),
	('12502804',4650),
	('11874868',4654),
	('10640451',4668),
	('11778647',4675),
	('12751024',4738),
	('12815099',4755),
	('12374865',4773),
	('12502804',4797),
	('12390557',4803),
	('10906207',4829),
	('11874868',4833),
	('10469847',4885),
	('11595300',4885),
	('11526203',4895),
	('11711594',4896),
	('11500439',4930),
	('12874334',4930),
	('11283050',4937),
	('12374865',4945),
	('12853745',4999),
	('12915571',5009),
	('11104801',5042),
	('10469847',5063),
	('11371688',5063),
	('11595300',5063),
	('12140749',5075),
	('11320252',5078),
	('11679916',5154),
	('11349068',5157),
	('10859364',5161),
	('12438610',5194),
	('10770549',5224),
	('12502804',5226),
	('12134033',5247),
	('10622555',5250),
	('12815099',5258),
	('12805455',5294),
	('12370434',5304),
	('12370434',5323),
	('10859024',5334),
	('12502804',5336),
	('11752157',5353),
	('12239291',5369),
	('12370434',5369),
	('12133996',5374),
	('10940085',5391),
	('12631672',5393),
	('12865283',5393),
	('10097126',5412),
	('10097126',5421),
	('11349068',5426),
	('11958683',5452),
	('12441799',5452),
	('11357213',5459),
	('12751024',5516),
	('12441799',5550),
	('12875108',5550),
	('11694103',5571),
	('10477555',5594),
	('11010837',5640),
	('11371688',5642),
	('12815099',5644),
	('11320252',5650),
	('10998980',5655),
	('11514703',5666),
	('12140749',5689),
	('12751024',5711),
	('12140749',5729),
	('11809644',5757),
	('12239291',5764),
	('12239291',5782),
	('12370434',5782),
	('12093916',5833),
	('11963186',5843),
	('11968779',5843),
	('11181650',5850),
	('11526203',5867),
	('11711594',5922),
	('10482543',5923),
	('10770549',5935),
	('11711594',5959),
	('10757775',5961),
	('10477555',5962),
	('12502804',6004),
	('11320252',6006),
	('11694103',6028),
	('10859364',6049),
	('12876171',6055),
	('10365395',6063),
	('10377182',6079),
	('10559284',6113),
	('11320252',6115),
	('10559340',6156),
	('12556692',6194),
	('11559463',6201),
	('11682536',6204),
	('12374865',6208),
	('11526203',6213),
	('11514703',6250),
	('12140749',6284),
	('10859024',6287),
	('11696433',6295),
	('10859364',6352),
	('10233948',6391),
	('10559284',6391),
	('10364298',6406),
	('11711594',6411),
	('12374865',6528),
	('11356964',6531),
	('12556692',6555),
	('12239291',6560),
	('12805455',6565),
	('11694103',6611),
	('12631672',6682),
	('10196269',6737),
	('11694103',6754),
	('12556692',6754),
	('12438610',6762),
	('10559284',6794),
	('12556692',6918),
	('10097126',6929),
	('12464796',6953),
	('11581388',6957),
	('12239291',6996),
	('12370434',6996),
	('12374865',7013),
	('12438610',7044),
	('11076719',7067),
	('12140749',7093),
	('12815099',7106),
	('11320252',7167),
	('10859364',7189),
	('11104801',7200),
	('11357213',7232),
	('11526203',7264),
	('12751024',7296),
	('12370434',7300),
	('10622555',7326),
	('10906207',7339),
	('10233948',7345),
	('10559284',7345),
	('12876171',7348),
	('12853745',7367),
	('11711594',7379),
	('12556692',7429),
	('11526203',7430),
	('11526203',7454),
	('11320252',7463),
	('12134267',7545),
	('11371688',7565),
	('12865283',7576),
	('11181650',7595),
	('10233948',7602),
	('10417127',7606),
	('12805455',7635),
	('12464796',7637),
	('11694103',7665),
	('12805455',7690),
	('11009521',7751),
	('11009521',7781),
	('11292637',7781),
	('11009521',7815),
	('12388689',7838),
	('12502804',7839),
	('12875108',7930),
	('11010837',7934),
	('10377182',7964),
	('12134267',7979),
	('12805455',7991),
	('11226306',8041),
	('10233948',8061),
	('10559284',8061),
	('10482543',8062),
	('12134267',8071),
	('12805455',8076),
	('10097126',8091),
	('10365395',8091),
	('10678866',8094),
	('12239291',8146),
	('12370434',8146),
	('10678866',8152),
	('11526203',8152),
	('12876171',8156),
	('12915571',8163),
	('12142254',8211),
	('12556692',8211),
	('12853745',8211),
	('12805455',8282),
	('10364298',8286),
	('10906207',8294),
	('12374865',8307),
	('12239291',8356),
	('11517319',8379),
	('12438610',8401),
	('11694103',8449),
	('11694103',8492),
	('11696433',8493),
	('10559284',8542),
	('10572315',8563),
	('12093916',8593),
	('12502804',8607),
	('10906207',8623),
	('10559340',8626),
	('12631672',8635),
	('12140749',8647),
	('12438610',8677),
	('11694103',8685),
	('12805455',8699),
	('10940085',8753),
	('10377182',8779),
	('11752157',8781),
	('11958683',8781),
	('11320252',8795),
	('12915571',8802),
	('10097397',8810),
	('10982369',8833),
	('12016434',8862),
	('12438610',8864),
	('12502804',8873),
	('12631672',8915),
	('12865283',8915),
	('10770549',8929),
	('11581388',8952),
	('11320252',8997),
	('11595300',9002),
	('11526203',9036),
	('11526203',9048),
	('12805455',9052),
	('12815099',9062),
	('10817698',9063),
	('10233948',9081),
	('10097126',9087),
	('10572315',9092),
	('10097126',9106),
	('10365395',9106),
	('10097126',9109),
	('10365395',9109),
	('10940085',9112),
	('11320252',9113),
	('10364298',9121),
	('12865283',9148),
	('10477555',9207),
	('11320252',9218),
	('11526203',9222),
	('11356964',9244),
	('12093916',9356),
	('11371688',9380),
	('11694103',9380),
	('10377182',9385),
	('11010837',9465),
	('11694103',9493),
	('12502804',9507),
	('10511523',9540),
	('12502804',9561),
	('12239291',9580),
	('11356964',9597),
	('11076719',9634),
	('11874868',9649),
	('12464796',9658),
	('10377182',9702),
	('12829831',9703),
	('11694103',9799),
	('12134033',9825),
	('12915571',9843),
	('11500439',9856),
	('10906207',9883),
	('12805455',9940),
	('10640451',9947),
	('12374865',10002),
	('12374865',10022),
	('12853745',10022),
	('10982369',10023),
	('10097126',10032),
	('12805455',10036),
	('12441799',10104),
	('12093916',10107),
	('12838163',10119),
	('12875108',10135),
	('12133996',10152),
	('11679916',10157),
	('10859364',10170),
	('12751024',10193),
	('10906207',10195),
	('10377182',10202),
	('10859364',10203),
	('11349068',10203),
	('10364298',10213),
	('10770549',10235),
	('11076719',10256),
	('12464796',10257),
	('11694103',10339),
	('11181650',10344),
	('10859364',10352),
	('11752157',10358),
	('12464796',10415),
	('12438610',10417),
	('10559340',10433),
	('11320252',10444),
	('10817698',10445),
	('10364298',10462),
	('10196269',10498),
	('10511523',10504),
	('11349068',10527),
	('11010837',10528),
	('10859364',10529),
	('12838163',10531),
	('11696433',10543),
	('10377182',10578),
	('10448150',10589),
	('11694103',10589),
	('11752157',10612),
	('12441799',10616),
	('11349068',10659),
	('11371688',10714),
	('10559340',10715),
	('10982369',10716),
	('11283050',10740),
	('11809644',10752),
	('12374865',10758),
	('11711594',10767),
	('10559340',10780),
	('11778647',10792),
	('12134033',10830),
	('11076719',10845),
	('12133996',10922),
	('12556692',10936),
	('10469847',10943),
	('12134033',10947),
	('12441799',10947),
	('12853745',10956),
	('12805455',10999),
	('12865283',11047),
	('12805455',11083),
	('12865283',11089),
	('12374865',11170),
	('10770549',11245),
	('12441799',11274),
	('12789401',11282),
	('11320252',11285),
	('12805455',11298),
	('12751024',11313),
	('12853745',11319),
	('12370434',11323),
	('10511523',11341),
	('12438610',11358),
	('12805455',11364),
	('10859364',11372),
	('12805455',11377),
	('10678866',11382),
	('10511523',11396),
	('12556692',11444),
	('12556692',11445),
	('11694103',11469),
	('10982369',11470),
	('11694103',11474),
	('10097126',11505),
	('10559340',11524),
	('11696433',11526),
	('12239291',11552),
	('12805455',11554),
	('10097126',11564),
	('10982369',11569),
	('12815099',11588),
	('12876227',11598),
	('11371688',11645),
	('12853745',11740),
	('12374865',11745),
	('12016434',11746),
	('11500439',11767),
	('12874334',11767),
	('11283050',11773),
	('10559340',11775),
	('12853745',11777),
	('12815099',11784),
	('11752157',11796),
	('12093916',11803),
	('12751024',11810),
	('11696433',11837),
	('10233948',11886),
	('11694103',11897),
	('11696433',11925),
	('10097397',11962),
	('10859364',11964),
	('12089106',11966),
	('11526203',11980),
	('11694103',11984),
	('12853745',12010),
	('12134267',12050),
	('11500439',12052),
	('11010837',12053),
	('11694103',12058),
	('12152029',12065),
	('12556692',12065),
	('10097126',12078),
	('10906207',12079),
	('10757775',12144),
	('11694103',12149),
	('11526203',12170),
	('12134267',12171),
	('12239291',12196),
	('12370434',12196),
	('10859364',12237),
	('10365395',12249),
	('12374865',12276);

/*!40000 ALTER TABLE `articles_authors` ENABLE KEYS */;
UNLOCK TABLES;


# Dump of table authors
# ------------------------------------------------------------

DROP TABLE IF EXISTS `authors`;

CREATE TABLE `authors` (
  `author_id` mediumint(9) NOT NULL DEFAULT '0',
  `author_name` varchar(500) DEFAULT NULL,
  PRIMARY KEY (`author_id`)
) ENGINE=InnoDB DEFAULT CHARSET=latin1;

LOCK TABLES `authors` WRITE;
/*!40000 ALTER TABLE `authors` DISABLE KEYS */;

INSERT INTO `authors` (`author_id`, `author_name`)
VALUES
	(11,'Geevarghese, R'),
	(41,'Mellors, JW'),
	(77,'Telles, Vanessa'),
	(79,'Delpit, E'),
	(82,'Ashton, LJ'),
	(83,'Coutinho, Roel A'),
	(112,'Downer, MV'),
	(155,'Pauza, CD'),
	(193,'Yardley, V'),
	(216,'Musonda, Rosemary'),
	(236,'Hobart, P'),
	(243,'Mwaba, P'),
	(260,'Zhu, Z'),
	(282,'Bamshad, Michael J'),
	(287,'Sarkodie, Francis'),
	(323,'O\'Brien, TR'),
	(338,'van Der Groen, G'),
	(354,'Lwanga, Jeremiah S'),
	(357,'Kaslow, Richard A'),
	(365,'Riese, RJ'),
	(367,'Schleif, William A'),
	(368,'Buchbinder, SP'),
	(377,'Gueye, A'),
	(392,'Butcher, PD'),
	(417,'Barber, Y'),
	(491,'Freed, Daniel C'),
	(510,'Vo, HT'),
	(521,'Guimarães, ML'),
	(524,'Trivedi, P'),
	(555,'\"REACH Study Group\"'),
	(563,'Margolick, Joseph B'),
	(570,'Meleth, Shreelatha'),
	(632,'Sullivan, JL'),
	(648,'Parker, SE'),
	(670,'Rahardjo, N'),
	(690,'Franks, WA'),
	(746,'Hellier, S'),
	(764,'Bowley, Douglas M G'),
	(769,'Wright, M'),
	(800,'Dykhuizen, M'),
	(822,'Contopoulos-Ioannidis, Despina G'),
	(869,'Ng, S'),
	(909,'Wolinsky, SM'),
	(936,'Kornfeld, C'),
	(955,'Mayer, KH'),
	(982,'Sheppard, HW'),
	(1109,'Wigginton, J'),
	(1121,'Sánchez, MS'),
	(1139,'Shioda, T'),
	(1142,'Deucher, Michael'),
	(1155,'Wilkinson, D'),
	(1176,'Bangham, CR'),
	(1187,'Ahuja, SS'),
	(1238,'Biggar, Robert J'),
	(1244,'Krishna, S'),
	(1303,'Zolotukhin, AS'),
	(1321,'van Rij, Ronald P'),
	(1402,'Theodorou, Ioannis'),
	(1412,'Lal, R'),
	(1421,'Cruse, JM'),
	(1428,'Sei, Shizuko'),
	(1450,'Uma Devi, KR'),
	(1453,'Wang, Z'),
	(1469,'Rezza, G'),
	(1484,'Nowak, MA'),
	(1509,'Shen, X'),
	(1522,'Chemello, L'),
	(1551,'Katzenstein, TL'),
	(1558,'Makgoba, Malegapuru William'),
	(1601,'Huerre, M'),
	(1604,'Chapman, HA'),
	(1618,'Albright, JL'),
	(1637,'Carl, S'),
	(1643,'Walter, Elizabeth A'),
	(1648,'McElrath, MJ'),
	(1651,'Casadevall, A'),
	(1663,'Kamenya, Shadrack'),
	(1666,'McNamara, David T'),
	(1691,'Oxenius, Annette'),
	(1694,'Fu, Tong-Ming'),
	(1711,'Illiovich, E'),
	(1728,'Hahn, Beatrice H'),
	(1744,'Casimiro, Danilo R'),
	(1775,'Messenger, SL'),
	(1787,'\"Swiss HIV Cohort Study Group\"'),
	(1848,'Plana, Montserrat'),
	(1874,'Gallart, T'),
	(1901,'Rubio, C'),
	(1906,'Oelrichs, R'),
	(1926,'Allain, Jean-Pierre'),
	(1951,'Gie, R'),
	(1962,'Pahwa, Savita G'),
	(2012,'Biryahwaho, B'),
	(2022,'Dean, M'),
	(2024,'Joubert, G'),
	(2038,'Dheenadhayalan, V'),
	(2103,'Mangano, Andrea'),
	(2119,'Ball, SC'),
	(2133,'Biek, Roman'),
	(2162,'Sullivan, J'),
	(2191,'Spector, SA'),
	(2198,'De Rossi, Anita'),
	(2204,'Meyer, Laurence'),
	(2270,'Johnson, R'),
	(2344,'Myracle, Angela D'),
	(2372,'Homer, RJ'),
	(2378,'Taylor, GP'),
	(2394,'Hammer, MF'),
	(2399,'Taha, Taha E T'),
	(2416,'Kodama, D'),
	(2424,'Smith, AC'),
	(2428,'Brookfield, John F Y'),
	(2439,'Holton, J'),
	(2441,'Cairns, JS'),
	(2463,'Aubagnac, S'),
	(2491,'Goedert, James J'),
	(2536,'\"International Meta-analysis of HIV Host Genetics\"'),
	(2548,'Pilon, Richard'),
	(2557,'Mahmoud, AA'),
	(2563,'Ruwende, C'),
	(2586,'Smit, T'),
	(2601,'Sullivan, John L'),
	(2609,'McClure, Harold M'),
	(2633,'McAdam, KP'),
	(2676,'Sugaya, Makoto'),
	(2677,'Hill, A'),
	(2715,'Nakayama, Emi E'),
	(2725,'Douglas, Steven D'),
	(2784,'Topley, J'),
	(2793,'Kwiatkowski, D'),
	(2865,'Pitchappan, RM'),
	(2867,'Moutel, Grégoire'),
	(2889,'Charoenvit, Y'),
	(2894,'Fridlund, C'),
	(2895,'Bennett, S'),
	(2905,'Jewell, G'),
	(2917,'Mulherin, Stephanie A'),
	(2927,'Kirschner, D'),
	(2968,'Grant, CC'),
	(2981,'Ross, Howard A'),
	(2986,'Qari, SH'),
	(3029,'Dittmer, U'),
	(3045,'Koelle, DM'),
	(3067,'Schuitemaker, Hanneke'),
	(3078,'Whittle, H'),
	(3085,'Mehta, JS'),
	(3099,'Vlahov, D'),
	(3131,'Bologna, Rosa'),
	(3163,'Rubio, M'),
	(3178,'Gonzalez, E'),
	(3234,'Hennig, B'),
	(3235,'Pépin, J'),
	(3268,'Detels, R'),
	(3284,'Trepo, C'),
	(3336,'Visagie, M'),
	(3354,'Malkovsky, M'),
	(3378,'Kirchhoff, F'),
	(3394,'Richie, TL'),
	(3425,'Pradat, P'),
	(3426,'Malhotra, U'),
	(3432,'Weiss, RA'),
	(3464,'Arts, EJ'),
	(3476,'Tang, Shenghui'),
	(3490,'Weber, JN'),
	(3503,'Phillips, Rodney E'),
	(3512,'Myracle, Angela'),
	(3558,'Ioannidis, JP'),
	(3590,'O\'Brien, Thomas R'),
	(3597,'Dondero, TJ'),
	(3611,'\"HENCORE collaboration\"'),
	(3667,'Juarez, J'),
	(3689,'Arivarignan, G'),
	(3692,'Rosenberg, ES'),
	(3726,'van der Ryst, E'),
	(3764,'Ellis, JS'),
	(3781,'Toossi, Z'),
	(3810,'Trigona, Wendy L'),
	(3826,'Amos, W'),
	(3846,'Handt, Larry'),
	(3853,'Evans, WE'),
	(3890,'Louie, L'),
	(3895,'Liang, Xiaoping'),
	(3896,'Rayfield, MA'),
	(3897,'Goldin, R'),
	(3914,'Tussey, Lynda'),
	(3924,'Gaudieri, Silvana'),
	(3942,'Tiwari, Hemant K'),
	(3951,'Louie, Leslie G'),
	(4008,'Martinez, OP'),
	(4021,'Downing, RG'),
	(4069,'\"Zambia-UAB HIV Research Project\"'),
	(4081,'Ioannidis, John P A'),
	(4083,'Kelly, P'),
	(4087,'Hajjeh, R'),
	(4108,'Coovadia, HM'),
	(4132,'Peto, TE'),
	(4135,'Hu, DJ'),
	(4146,'Montefiori, DC'),
	(4154,'Chanock, S'),
	(4249,'Easterbrook, PJ'),
	(4274,'Dutta, S'),
	(4327,'Perrin, Luc'),
	(4339,'Jeffery, KJ'),
	(4374,'Candotti, Daniel'),
	(4388,'Mellors, John'),
	(4399,'Lee, TH'),
	(4430,'Workman, C'),
	(4442,'Witkover, A'),
	(4448,'Jamieson, Beth D'),
	(4453,'Schuitemaker, H'),
	(4456,'Ullum, H'),
	(4519,'Holte, S'),
	(4532,'Theodorou, ID'),
	(4559,'Shapiro, SD'),
	(4578,'Anderson, Charles R'),
	(4583,'Chen, Minchun'),
	(4584,'Tang, Jianming'),
	(4605,'Goodall, Jane'),
	(4617,'Samaai, P'),
	(4649,'Brichacek, Beda'),
	(4650,'Ndung\'u, T'),
	(4654,'Brennan, Patrick J'),
	(4668,'Lewis, RE'),
	(4675,'Matt, C'),
	(4738,'Guwatudde, David'),
	(4755,'Lederman, Michael M'),
	(4773,'Anderson, Stephanie A'),
	(4797,'Thior, I'),
	(4803,'Green, Michael L'),
	(4829,'Barre-Sinoussi, F'),
	(4833,'Ramalingam, B'),
	(4885,'Carrington, M'),
	(4895,'Gorak, EJ'),
	(4896,'Brown, CC'),
	(4930,'Shanmugalakshmi, S'),
	(4937,'Zulu, I'),
	(4945,'Dhanda, Rahul'),
	(4999,'Scarlatti, Gabriella'),
	(5009,'Poss, Mary'),
	(5042,'Elias, JA'),
	(5063,'O\'Brien, SJ'),
	(5075,'Hodge, T'),
	(5078,'Catano, G'),
	(5154,'Fernández, E'),
	(5157,'Banya, W'),
	(5161,'Bester, D'),
	(5194,'Shiver, John W'),
	(5224,'Loubser, SA'),
	(5226,'Gilbert, P'),
	(5247,'Fideli, Ulgen'),
	(5250,'Alberti, A'),
	(5258,'Orenstein, Jan M'),
	(5294,'Emery, Melissa'),
	(5304,'Dawson, Sara J'),
	(5323,'Fagard, Catherine'),
	(5334,'Girardi, E'),
	(5336,'Rybak, N'),
	(5353,'Makhatadze, Nina J'),
	(5369,'Weber, Rainer'),
	(5374,'Power, Christopher'),
	(5391,'Nookhai, S'),
	(5393,'Thursz, M'),
	(5412,'Bunce, M'),
	(5421,'Matsumoto, W'),
	(5426,'Jepson, A'),
	(5452,'Wilson, Craig M'),
	(5459,'Jeena, PM'),
	(5516,'Elston, Robert C'),
	(5550,'Korber, Bette'),
	(5571,'Stewart, GJ'),
	(5594,'Agranoff, D'),
	(5640,'Marinic, K'),
	(5642,'Jacobson, LP'),
	(5644,'Gulden, Forrest O'),
	(5650,'Bamshad, M'),
	(5655,'Nakayama, EE'),
	(5666,'Grange, JM'),
	(5689,'McNicholl, JM'),
	(5711,'Mugerwa, Roy'),
	(5729,'Klein, RS'),
	(5757,'Solomon, Nandipha'),
	(5764,'McLean, Angela R'),
	(5782,'Fischer, Marek'),
	(5833,'Stevenson, Mario'),
	(5843,'Shioda, Tatsuo'),
	(5850,'Berrey, MM'),
	(5867,'Epstein, J'),
	(5922,'Hirsch, GN'),
	(5923,'Bureau, JF'),
	(5935,'Williamson, C'),
	(5959,'Moore, ML'),
	(5961,'Asmussen, MA'),
	(5962,'Mangan, JA'),
	(6004,'Marlink, R'),
	(6006,'Mummidi, S'),
	(6028,'Benfield, TL'),
	(6049,'Hoal-Van Helden, E'),
	(6055,'Knox, K'),
	(6063,'Wodarz, D'),
	(6079,'Pasvol, G'),
	(6113,'Cunningham, A'),
	(6115,'Dolan, MJ'),
	(6156,'Mitchen, JL'),
	(6194,'Vlahov, David'),
	(6201,'Knight, Julian'),
	(6204,'Zambon, MC'),
	(6208,'Stephan, Kevin T'),
	(6213,'Jones, TR'),
	(6250,'Davies, PD'),
	(6284,'Schuman, P'),
	(6287,'Ippolito, G'),
	(6295,'Vieira, LQ'),
	(6352,'Corrah, T'),
	(6391,'Alali, M'),
	(6406,'Weber, J'),
	(6411,'Kajon, A'),
	(6528,'Gonzalez, Enrique'),
	(6531,'Smulevitch, S'),
	(6555,'Theodorou, Ioannis D'),
	(6560,'Schneider, Christine'),
	(6565,'Shaw, George M'),
	(6611,'Eugen-Olsen, J'),
	(6682,'Lloyd, J'),
	(6737,'Brooks, DM'),
	(6754,'\"International Meta-Analysis of HIV Host Genetics\"'),
	(6762,'Wilson, Keith A'),
	(6794,'Collman, R'),
	(6918,'Rizzardi, G Paolo'),
	(6929,'Lloyd, AL'),
	(6953,'Hervé, Christian'),
	(6957,'Hill, TS'),
	(6996,'Hirschel, Bernard'),
	(7013,'Kulkarni, Hemant'),
	(7044,'Davies, Mary-Ellen'),
	(7067,'Dorn, J'),
	(7093,'Gardner, LI'),
	(7106,'Borris, Debra L'),
	(7167,'Mangano, A'),
	(7189,'Whittle, HC'),
	(7200,'Zheng, T'),
	(7232,'Chhagan, MK'),
	(7264,'Wang, R'),
	(7296,'Nakakeeto, Margaret'),
	(7300,'McLean, Angela'),
	(7326,'Benvegnù, L'),
	(7339,'Ave, P'),
	(7345,'Naif, HM'),
	(7348,'Harnden, AR'),
	(7367,'Frenkel, Lisa'),
	(7379,'Spindler, KR'),
	(7429,'Sheppard, Haynes W'),
	(7430,'Gay, T'),
	(7454,'Doolan, DL'),
	(7463,'Dhanda, R'),
	(7545,'Broadhead, Robin'),
	(7565,'Yamashita, TE'),
	(7576,'Frodsham, A'),
	(7595,'Corey, L'),
	(7602,'Cunningham, AL'),
	(7606,'Pirofski, LA'),
	(7635,'Watts, David P'),
	(7637,'\"APROCO Study Group\"'),
	(7665,'Operskalski, E'),
	(7690,'Wrangham, Richard W'),
	(7751,'Roberts, LJ'),
	(7781,'Handman, E'),
	(7815,'Foote, SJ'),
	(7838,'Ozbun, Michelle A'),
	(7839,'McLane, MF'),
	(7930,'Kuiken, Carla'),
	(7934,'López, R'),
	(7964,'Hirsch, CS'),
	(7979,'Cassol, Sharon'),
	(7991,'Heeney, Jonathan L'),
	(8041,'Masters, PS'),
	(8061,'Li, S'),
	(8062,'Brahic, M'),
	(8071,'Kumwenda, Newton'),
	(8076,'Bibollet-Ruche, Frederic'),
	(8091,'Usuku, K'),
	(8094,'Murray, HW'),
	(8146,'Günthard, Huldrych F'),
	(8152,'Hoffman, SL'),
	(8156,'Crook, DW'),
	(8163,'Holley, David'),
	(8211,'Rosenberg, Philip S'),
	(8282,'Pusey, Anne E'),
	(8286,'Troop, M'),
	(8294,'Diop, OM'),
	(8307,'Rovin, Brad H'),
	(8356,'Joller, Helen'),
	(8379,'Sullivan, AD'),
	(8401,'Horton, Melanie'),
	(8449,'Kuipers, H'),
	(8492,'Rosenberg, PS'),
	(8493,'Michailowsky, V'),
	(8542,'Dwyer, D'),
	(8563,'Buchbinder, S'),
	(8593,'Luzuriaga, Katherine'),
	(8607,'Novitsky, V'),
	(8623,'Dias-Tavares, M'),
	(8626,'Brown, C'),
	(8635,'Fabre, A'),
	(8647,'Smith, DK'),
	(8677,'Tang, Aimin'),
	(8685,'Louie, LG'),
	(8699,'Li, Yingying'),
	(8753,'Ruxrungtham, K'),
	(8779,'Llewelyn, M'),
	(8781,'Schaen, Margaret'),
	(8795,'Walter, EA'),
	(8802,'Rodrigo, Allen G'),
	(8810,'Bull, JJ'),
	(8833,'Vanham, G'),
	(8862,'Galvão-Castro, B'),
	(8864,'Zhang, Zhi-Qiang'),
	(8873,'Gaolekwe, S'),
	(8915,'Thomas, H'),
	(8929,'Brice, B'),
	(8952,'Walker, BD'),
	(8997,'Stephan, KT'),
	(9002,'Nelson, G'),
	(9036,'Carucci, DJ'),
	(9048,'Stout, R'),
	(9052,'Muller, Martin N'),
	(9062,'Kawamura, Tatsuyoshi'),
	(9063,'Croft, SL'),
	(9081,'Mayne, C'),
	(9087,'Ogg, GS'),
	(9092,'Vittinghoff, E'),
	(9106,'Hall, SE'),
	(9109,'Osame, M'),
	(9112,'Phanuphak, P'),
	(9113,'Clark, RA'),
	(9121,'Greenough, TC'),
	(9148,'Apple, R'),
	(9207,'Monahan, IM'),
	(9218,'Ahuja, SK'),
	(9222,'Baraceros, FM'),
	(9244,'Felber, BK'),
	(9356,'Emerman, Michael'),
	(9380,'Margolick, JB'),
	(9385,'Patel, P'),
	(9465,'Motta, P'),
	(9493,'Vicenzi, E'),
	(9507,'Essex, M'),
	(9540,'Werner, SB'),
	(9561,'Peter, T'),
	(9580,'Hafner, Roland'),
	(9597,'Michalowski, D'),
	(9634,'Sempala, SD'),
	(9649,'Raja, Alamelu'),
	(9658,'de Montgolfier, Sandrine'),
	(9702,'Wilkinson, RJ'),
	(9703,'Temple, Jillian'),
	(9799,'Zagury, JF'),
	(9825,'Aldrovandi, Grace'),
	(9843,'Drummond, Alexei'),
	(9856,'Vani, S'),
	(9883,'Corbet, S'),
	(9940,'Nerrienet, Eric'),
	(9947,'Roe, DL'),
	(10002,'Ahuja, Sunil K'),
	(10022,'Sen, Luisa'),
	(10023,'Quiñones-Mateu, ME'),
	(10032,'Procter, J'),
	(10036,'Bailes, Elizabeth'),
	(10104,'Mulligan, Mark J'),
	(10107,'Somasundaran, Mohan'),
	(10119,'Nolan, David'),
	(10135,'Shafer, Robert W'),
	(10152,'Johnston, James B'),
	(10157,'Fibla, J'),
	(10170,'Bellamy, R'),
	(10193,'Stein, Catherine M'),
	(10195,'Müller-Trutwin, MC'),
	(10202,'Snounou, G'),
	(10203,'Hill, AV'),
	(10213,'Daniels, RS'),
	(10235,'Cooper, M'),
	(10256,'Baggs, J'),
	(10257,'Duchange, Nathalie'),
	(10339,'Pantaleo, G'),
	(10344,'Sette, A'),
	(10352,'van Helden, P'),
	(10358,'Shelton, Brent'),
	(10415,'Leport, Catherine'),
	(10417,'Tan, Charles Y'),
	(10433,'Djavani, M'),
	(10444,'Anderson, SA'),
	(10445,'Rhodes, J'),
	(10462,'Douglas, N'),
	(10498,'Hasenkrug, KJ'),
	(10504,'Talbot, R'),
	(10527,'Fowler, A'),
	(10528,'de Sorrentino, AH'),
	(10529,'Collin, M'),
	(10531,'Mallal, Simon'),
	(10543,'Gazzinelli, RT'),
	(10578,'Davidson, RN'),
	(10589,'Michael, NL'),
	(10612,'Zhang, Yuting'),
	(10616,'\"REACH Study Group. Reaching for Excellence in Adolescent Care and Health\"'),
	(10659,'Singh, M'),
	(10714,'Muñoz, A'),
	(10715,'Waterman, PM'),
	(10716,'Marozsan, AJ'),
	(10740,'Fernando, N'),
	(10752,'Tucker, Timothy Johan Paul'),
	(10758,'Cooke, Glen'),
	(10767,'Fang, L'),
	(10780,'Wallace, M'),
	(10792,'Roger, M'),
	(10830,'Allen, Susan'),
	(10845,'Pieniazek, D'),
	(10922,'Patrick, Megan K'),
	(10936,'Buchbinder, Susan P'),
	(10943,'Martin, MP'),
	(10947,'Lobashevsky, Elena'),
	(10956,'Mayaux, Marie-Jeanne'),
	(10999,'Collins, D Anthony'),
	(11047,'Cheng, S'),
	(11083,'Goldenberg, David A'),
	(11089,'Knapp, S'),
	(11170,'Mummidi, Srinivas'),
	(11245,'Thomas, R'),
	(11274,'Vermund, Sten H'),
	(11282,'van Helden, Paul D'),
	(11285,'Sen, L'),
	(11298,'Ayouba, Ahidjo'),
	(11313,'Whalen, Christopher C'),
	(11319,'Rousseau, Christine'),
	(11323,'García, Felipe'),
	(11341,'Klitz, W'),
	(11358,'Emini, Emilio A'),
	(11364,'Lukasik, Magdalena'),
	(11372,'Camidge, DR'),
	(11377,'Santiago, Mario L'),
	(11382,'Nutman, TB'),
	(11396,'Vugia, D'),
	(11444,'Pantaleo, Giuseppe'),
	(11445,'Ioannidis, John P'),
	(11469,'Kostrikis, LG'),
	(11470,'Colebunders, RL'),
	(11474,'Goedert, JJ'),
	(11505,'Izumo, S'),
	(11524,'Kitabwalla, M'),
	(11526,'Silva, NM'),
	(11552,'Dawson, Sarah J'),
	(11554,'Sharp, Paul M'),
	(11564,'Welsh, KI'),
	(11569,'Torre, VS'),
	(11588,'Zimmerman, Peter A'),
	(11598,'Kennedy, PG'),
	(11645,'Phair, JP'),
	(11740,'Newell, Marie-Louise'),
	(11745,'Ahuja, Seema S'),
	(11746,'Morgado, MG'),
	(11767,'Muthuveeralakshmi, P'),
	(11773,'Vaira, D'),
	(11775,'Horejsh, D'),
	(11777,'\"HIV Host Genetics International Meta-Analysis Group\"'),
	(11784,'Blauvelt, Andrew'),
	(11796,'Seaberg, Eric C'),
	(11803,'Sharkey, Mark'),
	(11810,'Peters, Pierre'),
	(11837,'Rocha, CD'),
	(11886,'Chang, J'),
	(11897,'Coutinho, RA'),
	(11925,'Lannes-Vieira, J'),
	(11962,'Molineux, IJ'),
	(11964,'Beyers, N'),
	(11966,'Pitcher, Graeme J'),
	(11980,'Hedstrom, RC'),
	(11984,'Mallal, SA'),
	(12010,'Espanol, Teresa'),
	(12050,'Janes, Michelle'),
	(12052,'Nageswari, AD'),
	(12053,'Sorrentino, A'),
	(12058,'Meyer, L'),
	(12065,'Michael, Nelson L'),
	(12078,'Nagai, M'),
	(12079,'Faye, A'),
	(12144,'Arnold, J'),
	(12149,'Rizzardi, GP'),
	(12170,'Norman, J'),
	(12171,'Roy, Reena'),
	(12196,'Price, David A'),
	(12237,'Meyer, M'),
	(12249,'Vine, AM'),
	(12276,'Dolan, Matthew J');

/*!40000 ALTER TABLE `authors` ENABLE KEYS */;
UNLOCK TABLES;


# Dump of table journals
# ------------------------------------------------------------

DROP TABLE IF EXISTS `journals`;

CREATE TABLE `journals` (
  `journal_id` mediumint(20) NOT NULL DEFAULT '0',
  `journal_name` varchar(4000) DEFAULT NULL,
  PRIMARY KEY (`journal_id`)
) ENGINE=InnoDB DEFAULT CHARSET=latin1;

LOCK TABLES `journals` WRITE;
/*!40000 ALTER TABLE `journals` DISABLE KEYS */;

INSERT INTO `journals` (`journal_id`, `journal_name`)
VALUES
	(6,'J Virol'),
	(13,'Curr Opin Immunol'),
	(29,'J Exp Med'),
	(40,'Hum Mol Genet'),
	(44,'BMJ'),
	(55,'EMBO Rep'),
	(72,'Immunol Lett'),
	(78,'Clin Diagn Lab Immunol'),
	(81,'Curr Infect Dis Rep'),
	(91,'Philos Trans R Soc Lond B Biol Sci'),
	(97,'Nihon Rinsho'),
	(99,'Dis Markers'),
	(126,'Br J Ophthalmol'),
	(134,'Mem Inst Oswaldo Cruz'),
	(135,'Nihon Rinsho Meneki Gakkai Kaishi'),
	(155,'J HIV Ther'),
	(170,'Proc Natl Acad Sci U S A'),
	(175,'Bull World Health Organ'),
	(198,'AIDS Rev'),
	(204,'Thorax'),
	(214,'Proc Biol Sci'),
	(242,'Ann Intern Med'),
	(253,'Genes Immun'),
	(254,'J Clin Microbiol'),
	(258,'Nat Med'),
	(260,'Antimicrob Agents Chemother'),
	(264,'Intensive Care Med'),
	(276,'Infect Immun'),
	(285,'AIDS Res Hum Retroviruses'),
	(286,'J Hepatol'),
	(310,'J Neurol Neurosurg Psychiatry'),
	(326,'Eur J Immunogenet'),
	(328,'Am J Pathol'),
	(329,'Community Genet'),
	(333,'Gut'),
	(334,'Uirusu'),
	(359,'Mol Med'),
	(382,'Pharmacogenetics'),
	(394,'Microbes Infect'),
	(395,'Arch Dis Child'),
	(405,'J Clin Invest'),
	(426,'Genetics'),
	(468,'Clin Microbiol Rev'),
	(488,'J Gen Intern Med'),
	(495,'Emerg Infect Dis'),
	(504,'Exp Mol Pathol'),
	(521,'J Infect Dis'),
	(549,'Am J Epidemiol'),
	(555,'AIDS');

/*!40000 ALTER TABLE `journals` ENABLE KEYS */;
UNLOCK TABLES;



/*!40111 SET SQL_NOTES=@OLD_SQL_NOTES */;
/*!40101 SET SQL_MODE=@OLD_SQL_MODE */;
/*!40014 SET FOREIGN_KEY_CHECKS=@OLD_FOREIGN_KEY_CHECKS */;
/*!40101 SET CHARACTER_SET_CLIENT=@OLD_CHARACTER_SET_CLIENT */;
/*!40101 SET CHARACTER_SET_RESULTS=@OLD_CHARACTER_SET_RESULTS */;
/*!40101 SET COLLATION_CONNECTION=@OLD_COLLATION_CONNECTION */;
